file_name,l(real)_1,a(real)_1,b(real)_1,l(real)_2,a(real)_2,b(real)_2,l(real)_3,a(real)_3,b(real)_3,l(real)_4,a(real)_4,b(real)_4,l(real)_5,a(real)_5,b(real)_5,l_1,a_1,b_1,l_2,a_2,b_2,l_3,a_3,b_3,l_4,a_4,b_4,l_5,a_5,b_5
000000572756.jpg,0.8029613847031942,0.5914084422927491,0.3849737275496863,0.8570398624086079,0.6180434182061185,0.4184837774479264,0.7005954409602729,0.6023487402724064,0.43203321750633095,0.4534031503346052,0.4827250888662912,0.39371537410398977,0.9452099504015773,0.519967064107147,0.4699066013750867,0.33596034755952286,0.5685642167921208,0.3759375773404392,0.6113272047089198,0.6076151218791341,0.4318334842187134,0.6585600054576805,0.5635671094496382,0.3586613549054435,0.44573040961310684,0.6129468767786167,0.48383353390676426,0.14918439056363028,0.5588565620265539,0.4622465331699082
000000562160.jpg,0.7503833185150195,0.5107947188182663,0.5872363010009409,0.6616421900791701,0.6809279953633751,0.7646706889679666,0.43781206009096957,0.6746207251320995,0.6405087263703585,0.0,0.5019607843137255,0.5019607843137255,0.9973117950424443,0.49523575348494153,0.5164867292613019,0.8093431944410727,0.49576549058543734,0.48439315825776724,0.1567559150760396,0.6161145476112397,0.5842869301394891,0.13370158575393554,0.5114479331707263,0.47232180946949004,0.5390097541834434,0.541908131637085,0.6328233328129508,0.4281958077241342,0.7123203393666805,0.7055677874744966
000000556123.jpg,0.2712591760776978,0.5323951742701633,0.5027434565403569,0.17441052614758312,0.5244540041581356,0.5018529788871039,0.36042765984284736,0.5328020120691334,0.5341884044859239,0.7500600331625148,0.3220329857849088,0.7606161176277276,0.7192929069514736,0.49347638588586235,0.5305574151663198,0.17149886510349505,0.5038008056955214,0.5116384380703254,0.4819005927598824,0.4065359163073127,0.5977045415713546,0.5402027610043667,0.49600460479779646,0.5141274305189685,0.793946467468281,0.47848021924661355,0.5338568378556375,0.8333710687814638,0.3894858290949616,0.6176306606962653
000000547938.jpg,0.32196943390464183,0.499496124202962,0.5037314187913429,0.19490834304193386,0.4620878198445738,0.5340996454017461,0.29543473880690757,0.4368498209925807,0.5576004892331718,0.8042743145016495,0.493922103271364,0.5431593354735209,0.5616443320273848,0.7935917040926231,0.6593796842012188,0.10987156791342667,0.47266522820682544,0.4968733774112897,0.8302713586995409,0.5037773841417722,0.5232219791012767,0.20989241962780603,0.4496874213949789,0.5512945435410029,0.4493436586189491,0.5104518333539515,0.5116589659260926,0.40788866749050706,0.46774125251875187,0.6458150830953853
000000537131.jpg,0.0,0.5019607843137255,0.5019607843137255,0.6163505191745142,0.6494093680953715,0.7403118801227462,0.38878982703463355,0.7326795160678018,0.5843997836466308,0.983984851915078,0.5054261859490133,0.4926178777015774,0.8159385151649624,0.5139796203778237,0.6233913077328693,0.18205520422270255,0.6273065764486871,0.5783104752357763,0.8356129687161062,0.47449186274809146,0.49897360496811166,0.0812437291508294,0.5198987610511606,0.506852738508996,0.3786182423165241,0.6045533047125394,0.6321884518938095,0.5023944191660568,0.5355528717559218,0.5339010631340614
000000535871.jpg,0.7677363582541193,0.481676087145474,0.4704591402121788,0.8070957406658382,0.5048515436637548,0.49416601316141506,0.7154696508972853,0.5041792723889469,0.49596873639742006,0.410415145853303,0.45457419720723025,0.5389734886803725,0.5251499287290275,0.6232593585285369,0.5284614505002865,0.2886520386158353,0.46344448664013455,0.5726882471295939,0.7793055319118847,0.5016020924364386,0.5052984541421246,0.6651132716926803,0.500717467831373,0.4993643411479239,0.42923988665492047,0.49568925434731437,0.5042229022623955,0.10651436334877352,0.4865750196041296,0.5217615831426907
000000525322.jpg,0.8988593012754361,0.5027594967995586,0.49578659793479957,0.5374621819812297,0.4980315328238529,0.3297107313586966,0.6926762720180706,0.517634753838153,0.7259681355714239,0.6446438764559584,0.2885579384112308,0.717174544082686,0.0,0.5019607843137255,0.5019607843137255,0.4289111043238161,0.5101418731815035,0.35215955310508495,0.08704641904833668,0.5074794845801263,0.4673135182050249,0.36163365069532155,0.5036019610381502,0.6099734166695001,0.7050272389496492,0.46437626864953596,0.43615248370110116,0.36673343204512304,0.5185261123293774,0.35561615049393913
000000515814.jpg,0.6258798992747643,0.4897693531838556,0.5047171693488864,0.8532519504617355,0.4814229363840195,0.6526141758384321,0.24712852376981778,0.4698427188486838,0.45597868659546476,0.855732571452312,0.4713169897882814,0.4697379120307655,0.5375173719836138,0.8104583393600795,0.7623636148488023,0.6809176032060626,0.48784941732540044,0.4869103789762416,0.3556961992900951,0.6441730245190268,0.6237711593039268,0.6498147058078797,0.526064989036669,0.6598054643075879,0.09298481293993334,0.49841583239141757,0.48434591743982697,0.39285095645710905,0.49733485122485277,0.5100073889047702
000000504873.jpg,0.9842753654903988,0.49960029208901485,0.49268453728488437,0.30635160976940673,0.4651695386206954,0.5293669432926535,0.9722744725544215,0.4868379224561747,0.5788632340197337,0.1842420077914084,0.5171500283217113,0.5047297190401309,0.4140932646752556,0.4638724043366496,0.5268886111754647,0.35449360792093765,0.46361668063097805,0.5661170236679494,0.8313470010133857,0.5112962358684393,0.5850499328520324,0.4223307563353869,0.5078253089936725,0.48502350041542525,0.10590187715014117,0.49433830490938224,0.5033073060042073,0.7021064861504587,0.5073806497427599,0.615486750080061
000000489541.jpg,0.0,0.5019607843137255,0.5019607843137255,0.6064701560712181,0.7372367508797641,0.7493815247943457,0.3930086831243841,0.5008307504072185,0.3561594644853513,0.35067377828910845,0.4430521072092911,0.45262903922876935,0.98179395037661,0.5015850825184214,0.4912570731806881,0.37887896280304,0.5240081468244868,0.3337737768532621,0.30712403078930595,0.48208098502047947,0.4316557451239534,0.8920015583099524,0.5010800672416911,0.5346098483426297,0.49798947898963336,0.6702325233798004,0.6809470611680637,0.24938106234834856,0.5265912741864431,0.36692141861163746
000000475330.jpg,0.841897663052441,0.4577177430101029,0.8050272479487436,0.626155709421002,0.7224621159802097,0.7017505729001389,0.3682057338561838,0.5237529205462301,0.5457582319439058,0.4577281204476268,0.5272800618470198,0.5530526934728565,0.7169698733827852,0.48690905202538365,0.5507165605808338,0.28573129829773747,0.6823293741756412,0.615862041317927,0.3367610412510054,0.5968414927687586,0.6078609805957923,0.0777285195657812,0.519109087549834,0.5206564287857994,0.5199810689227125,0.7411797530721987,0.7140166366933215,0.670997886045752,0.5163917379954444,0.634258113373652
000000471452.jpg,0.7702318117825642,0.5565728511364462,0.5846384111042975,0.8120506988021116,0.48139194541986163,0.5431463630326097,0.4633277116168014,0.317511165869496,0.6771874827617452,0.567376973484689,0.3370677461455506,0.660266508683914,0.0,0.5019607843137255,0.5019607843137255,0.14314047452010206,0.4851451536839217,0.5399708801289446,0.32936081782960663,0.3620043541131776,0.6532975614280881,0.6285669574727173,0.4743336490778753,0.5891758722927815,0.39479971731065433,0.3467922782284822,0.674891366372666,0.26045866769402354,0.38627368817286895,0.6290599560537855
000000465936.jpg,0.8398075380640551,0.5033219757065477,0.46077151334340866,0.983984851915078,0.5054261859490133,0.4926178777015774,0.266767278783725,0.7455417998395029,0.15664993194640403,0.484818082910858,0.5402417570691339,0.2968231324939012,0.0,0.5019607843137255,0.5019607843137255,0.14347513608935586,0.5860317220825655,0.33502449039975546,0.5967822216299902,0.5067286846745896,0.4262166899077173,0.06616509832281554,0.5031449686591002,0.46947987781714035,0.9289223159439652,0.4986204544534572,0.5046164814373052,0.4622762657676175,0.5780228254473093,0.26037046812703685
000000461404.jpg,0.6173330612368045,0.4897075793303445,0.5532625402457639,0.0,0.5019607843137255,0.5019607843137255,0.8081694670325156,0.4792232310539462,0.49857849624265194,0.5135749121948873,0.4835072899443668,0.4908365461840952,0.47692898569150566,0.529684663688975,0.512237164033658,0.5773801572807853,0.4978079542491835,0.5096507645284234,0.25113919997694145,0.4934784187318074,0.5020662592893096,0.7187569062697798,0.5002592397655622,0.5184985658977846,0.11015464732025591,0.49633141540950976,0.5061564678222418,0.4041176965912193,0.4913784866019381,0.5050540667971617
000000452354.jpg,0.0,0.5019607843137255,0.5019607843137255,0.4768849448620908,0.6477352533625014,0.17904226166004028,0.6593892833897756,0.4970769159246381,0.2945239543721674,0.9126785379163761,0.5165281726145782,0.5988593446483111,0.542226294779119,0.8139651916730459,0.661878569944587,0.3956567580455546,0.5532113991430235,0.29081235623102397,0.571299668158119,0.49967014240912094,0.3001126628918101,0.7244260177610023,0.5494730236443899,0.5378238317060485,0.191653296373306,0.5130905572992469,0.47156299855613465,0.26407981303609374,0.5540524467630925,0.32808828480570046
000000452186.jpg,0.5968888840615214,0.7525321044931498,0.6957049516563698,0.5387829421808427,0.8118520610668359,0.7206782931508643,0.3378974666422364,0.6961519034275511,0.6072273862573763,0.23364026863906845,0.5552578960710443,0.5101301082740101,0.8175122243097235,0.2787429342600452,0.590136648187164,0.5045102741129931,0.7615477270942727,0.713167545755515,0.19382357247898535,0.6099962118426773,0.5736933132437878,0.7649234058890337,0.45092031932114085,0.5484064694932292,0.3523979275160541,0.667359664128245,0.6350008621589869,0.17651622867147132,0.5211472216233242,0.5198789029432904
000000447099.jpg,0.351022874407488,0.5951846868708038,0.6132143529632152,0.4132791810879983,0.6165121741052877,0.6487070266774381,0.52770655157729,0.6631213436506979,0.6923556473298026,0.0,0.5019607843137255,0.5019607843137255,0.5397759788897196,0.7272641121207233,0.7149519603513452,0.5047570844657497,0.7498154192952837,0.7440177642696529,0.11809660197513615,0.6133834865262972,0.5567854006605223,0.9918338787416627,0.4987041042971069,0.5166597578900287,0.016257646383939034,0.5151311418831176,0.5046465753410456,0.29356677360757644,0.6804618843889397,0.6456396877041779
000000442059.jpg,0.3283605989886388,0.7028213087761442,0.6361451211689004,0.9941671601476867,0.4900878129525254,0.5104999371810234,0.8217708876932458,0.29516657971614224,0.559820672560529,0.6837026772916799,0.5204969835788149,0.753162879110821,0.4101054532361244,0.5563057815539931,0.3089016805334227,0.2931975907479838,0.6279813965191817,0.2656721768592547,0.17746157572883134,0.5265931516074098,0.5388840696360772,0.9480449231038466,0.49879481168504103,0.5033111340393721,0.39084665943525104,0.6858282096102125,0.18825768497625056,0.6021418637727822,0.34329078718980205,0.5111354842456537
000000439688.jpg,0.7752403361000993,0.5147841605158859,0.5332269919051195,0.6668401233554597,0.5182664977189063,0.5467337004365616,0.5288800063895646,0.4951417638603676,0.511588233608269,0.5120883221780467,0.4592780061847231,0.5334788229814563,0.5792829430569891,0.3792123816025981,0.5651262608374293,0.4261397686938592,0.47437806481304023,0.5757423824423887,0.5664430549623699,0.5011701213944632,0.45215285814190137,0.7314081620094808,0.5093756279702298,0.5815224250622499,0.43495301396553826,0.6525844273622246,0.6223694491152801,0.17924872140904438,0.48709954726807536,0.5172172462524576
000000439034.jpg,0.06875367495404355,0.5120732737588578,0.5027463239751112,0.5412123597388976,0.7531149966503979,0.548663818134425,0.6152698105018153,0.7510089345665194,0.3773987748922423,0.4081463826175709,0.6612911580607793,0.1920778700944011,0.49554848117855227,0.7738448668630955,0.7208143767579896,0.5324451879069768,0.7579380586559432,0.4511677716969929,0.26351444622572406,0.604674893458903,0.2902780331212281,0.07809825166396892,0.5359346558079036,0.49875068762390934,0.8450779553120984,0.5123228560077971,0.48564209539206527,0.2964304942222076,0.6922069600997066,0.5330536481690242
000000435324.jpg,0.3787206441145288,0.5215089187898849,0.5320837643356857,0.0720070636158221,0.509466908708759,0.5046093364631339,0.6515134576133498,0.6189639444321781,0.7267930474395545,0.554716110202051,0.5398212854384217,0.28541733226789223,0.8879560899518038,0.4874465388094276,0.5678402996497837,0.8507780283120496,0.4987924147639603,0.601749976220062,0.04400703910744653,0.5084856773468137,0.5001826074138226,0.633528655954843,0.4890055449738689,0.5702586639613276,0.2044467747562589,0.5361106989203792,0.5743516303087722,0.35499705603253173,0.47567484442306596,0.4095291559781247
000000430710.jpg,0.0,0.5019607843137255,0.5019607843137255,0.6707705924520834,0.7844941819488512,0.35747167679654873,0.6340101502461921,0.8122905097957124,0.2821384334896208,0.57958791146536,0.7356554132323762,0.2462744083596357,0.7715233738097312,0.6279965405772746,0.36610368947597804,0.22160814833523504,0.6382283255505447,0.4082915533500869,0.06692656158530791,0.5275108175298114,0.4593799461769914,0.6127371158861306,0.5070518856413141,0.5204968288030429,0.37205606296084504,0.6925122808387698,0.27125138033643814,0.5361428259407321,0.7022692997752832,0.3897256644888904
000000429004.jpg,0.8345629805205401,0.4592240480939886,0.4569417855606589,0.5146441584207041,0.5104401199891095,0.31545383571319324,0.5300921900444289,0.4795850714410579,0.38357590399418023,0.0,0.5019607843137255,0.5019607843137255,0.8682404267826728,0.5008722316285869,0.4776556842861229,0.5955325493907919,0.5091814666292254,0.3160777705802568,0.03964921880757061,0.5030397736473796,0.4909011654569184,0.37859063451795266,0.5554062081918686,0.29961989749364193,0.7147815152089839,0.47914922455489434,0.4156553035381888,0.2643757471205449,0.5108216746441563,0.3923079095543158
000000413154.jpg,0.976422726832438,0.4984762647466947,0.4880324298265688,0.4677766623302648,0.6673386512959091,0.17326809259134057,0.8435078648393747,0.5535347875755386,0.631301607292134,0.0,0.5019607843137255,0.5019607843137255,0.4259493022047988,0.48945164967532967,0.512633047039556,0.07479903910287361,0.6382986166461768,0.3100437971756808,0.31182949946403815,0.8050262728291876,0.08921304814654885,0.5686645361318845,0.5714609157197879,0.5304682008004433,0.04546373998766875,0.5288762320769771,0.45860098353591716,0.20457798596936455,0.7350371139997752,0.18464881101841973
000000407891.jpg,0.0,0.5019607843137255,0.5019607843137255,0.5352599008799936,0.8139307909549087,0.7465318458051761,0.9640003733540127,0.5084453452811697,0.48086197164055217,0.20857016245410256,0.5678758811069148,0.5309829511024919,0.8958516565180983,0.49136205322177967,0.5455890200925227,0.5134123777027081,0.6087252958202091,0.36427960893240563,0.017669734736545664,0.5270652996169388,0.5011531619546109,0.9036746417215068,0.5310574884572412,0.47407855792737624,0.17343595415572705,0.6280895174234975,0.3976432642105421,0.3798336710484465,0.7274784939373403,0.589165208996386
000000403265.jpg,0.5505870141223389,0.49997989632344586,0.6752587069598834,0.9032945228501706,0.47242687048301496,0.8186620931923652,0.2805403280118092,0.6673481363866555,0.582804927499739,0.31752798858924913,0.48960423550752297,0.5160915807792535,0.9016672010716965,0.48249820682199573,0.5446217093736013,0.03907145496887516,0.5101800453573186,0.5200156099715284,0.4292085516528932,0.5283702055369622,0.6925157372943329,0.688431155551539,0.515709639101798,0.758252999858259,0.3357050478376083,0.49438060286008795,0.5589086602139021,0.2731580135508274,0.5563946254549299,0.6434005683349647
000000403109.jpg,0.0,0.5019607843137255,0.5019607843137255,0.5700575653925349,0.5238189315661835,0.538291063808418,0.6597007081131773,0.3337714039742627,0.7147965742829325,0.9963435197590518,0.49472982224352174,0.505779703072817,0.8945806140309713,0.47456383346895004,0.49691219295832817,0.6515227530113787,0.5018210444954282,0.5029620041546765,0.15223716570239532,0.490108674250006,0.5260594704760456,0.2823913444037841,0.4322000232716897,0.5781429380517521,0.900141855930794,0.5033353419628768,0.49747494908692413,0.47032060745645315,0.3882973607511281,0.641954677218581
000000397205.jpg,0.9951305751373459,0.4920656646273226,0.5090735033897102,0.7807238115461608,0.41381488865477534,0.5682046290568669,0.6729895324741046,0.39355932293651713,0.4800362645997351,0.5065344249100298,0.41886945617197224,0.42560570254169916,0.7196399986356491,0.5180740843551296,0.6317868017340231,0.7211838914496862,0.42913696922584016,0.48673884805945095,0.2492583571126896,0.4305018105624891,0.48803271670916765,0.3092950367419726,0.41531892795591924,0.5874529608143758,0.5429502211702983,0.4212928728811045,0.5330057576712706,0.9186199308835055,0.4771761563752552,0.5271927819746433
000000393443.jpg,0.5282781782836704,0.501884826589496,0.5067501984920759,0.8991340148594243,0.4728859668109814,0.590241344396558,0.9835322416435612,0.49159932154871344,0.5489552330395671,0.8828001930128494,0.482040115186676,0.5915647234464217,0.7113116061692838,0.5483359520175123,0.5510203069263125,0.3636837738789191,0.5057008849619669,0.5633693408849011,0.6724878267415226,0.4963358678319868,0.5570124348842811,0.8111040403610901,0.49591693575908086,0.5401550042205561,0.5333047954532644,0.5018037988040405,0.5686129057558963,0.17393238032276429,0.5023426950654548,0.5202757525033371
000000389699.jpg,0.901038662784439,0.48518937797746586,0.5112425587689073,0.484011139517242,0.380881616963058,0.6655362830121945,0.603614302019184,0.4468200109651018,0.48866348058494524,0.47880583863896686,0.4853790864390099,0.664076209382714,0.7986778893997876,0.4612167841891317,0.4926865007246685,0.6670957440252964,0.45034118278548774,0.480275023259806,0.24499844956755168,0.4777513638774888,0.5316738921793145,0.6586942282793862,0.4541938095213889,0.44592775219078673,0.7398651490001285,0.45570651291176234,0.4892201014115343,0.3404224727812887,0.41484634857703917,0.6124967647502134
000000389092.jpg,0.5561623570960269,0.7124253863729649,0.6974412174214908,0.7876206953574364,0.391798756359599,0.427869622313904,0.10638179804547523,0.5105013569209895,0.4375193058845078,0.3161814333541952,0.522641096362396,0.43255689254233265,0.0,0.5019607843137255,0.5019607843137255,0.24073844328434685,0.5233906030370046,0.4040600283648551,0.0605809197061509,0.5066627695123952,0.4734715277542453,0.876433926452286,0.3651214429698118,0.43351655520298576,0.456425170386989,0.727721593361586,0.6317723882937919,0.6474562345943324,0.5178041693922262,0.3787575792617245
000000385702.jpg,0.9809389417663112,0.4569997455744908,0.5770570118212381,0.47954766668966575,0.6776535138717031,0.18101187043132336,0.6318086100547201,0.7790015036611212,0.28027506464323715,0.7044036488960158,0.6469404274549032,0.7171274141413252,0.16133803027132282,0.5337459326102713,0.49989272191535256,0.5040512198142537,0.6394370940098747,0.6316765856241525,0.5673339187501852,0.6884055713778262,0.30459510400481604,0.17596435859102852,0.5406965646432025,0.46515980643615845,0.3009041149649903,0.6577357426355862,0.4143817986929925,0.709241523233507,0.5116145245498582,0.47589386644480025
000000382552.jpg,0.19349391930166043,0.5024292687876535,0.49075636225474967,0.2765835438235951,0.377625567286246,0.6229962488100113,0.5631882357359569,0.32448945745743846,0.6598159570606201,0.25449282244059035,0.6479155382053631,0.268440074707485,0.42877944640860344,0.6141597073011352,0.5845236025519985,0.7601931495836357,0.4979089903327314,0.4758212842262443,0.2677192635961943,0.48828116840090785,0.453741144535312,0.22548357173636258,0.4349813847981871,0.5300322766050054,0.06525857745511043,0.5004908193787244,0.5030790621298749,0.4546597572259614,0.48337711437022624,0.6166705563120052
000000380859.jpg,0.9069118621536804,0.49652370310082233,0.5086827592617569,0.3832419710671234,0.3775056601042607,0.6281589354236611,0.6636274114713353,0.5096558883029498,0.5775524989081294,0.8292136125555335,0.31136711878735257,0.5991954884914688,0.8585086272685271,0.3753088707842483,0.7239316776317466,0.649655157422426,0.42207321806782394,0.6613292639077842,0.4114124142658914,0.4374607395999028,0.5610063845552102,0.4330784236762376,0.4959181702406944,0.5128825885004827,0.8762477105198786,0.4764407176894375,0.5452422958308983,0.24059022903352506,0.48744561404924563,0.5148338402449649
000000369722.jpg,0.4762057523409758,0.6519165971256756,0.17863311846777508,0.0,0.5019607843137255,0.5019607843137255,0.8876809894449739,0.4828561386323295,0.8257174725797582,0.957125535777244,0.4520169711210158,0.7294607825629074,0.9913547327905777,0.48574732484270566,0.5026899022135262,0.5159153641664947,0.5964328440223038,0.21369942580953616,0.9403094045245476,0.4859960209168596,0.48105947423289447,0.0054875725048817965,0.5063430823203117,0.4960277837960425,0.8972187083776845,0.4619985546704216,0.8445744931217974,0.3972798600030503,0.710366860767024,0.142995870079641
000000367461.jpg,0.6461927306656705,0.49011007792285755,0.34243849487402805,0.7058212054960351,0.6435865517548559,0.731986957618858,0.4566626138280757,0.6568177820458886,0.6378873917618176,0.9968391475944698,0.49611045320180497,0.5020422115736304,0.20203210180942258,0.5004456143580865,0.4957886206822441,0.6748820363196285,0.5025189609023287,0.4908379642644341,0.31854089770216026,0.6550002152669842,0.6322862147742876,0.1229363041407247,0.5165017162254731,0.4977851795924644,0.5773856657937286,0.6342174276894091,0.7253938755072227,0.402250497527896,0.5549059410978139,0.3301592338233041
000000362329.jpg,0.462481375183006,0.5854034830896994,0.587809471625628,0.7223598872938788,0.4941053833765336,0.515016767574167,0.3796250473725475,0.5727625883478837,0.2895235437952454,0.9958695717866641,0.49413215190011933,0.5034638652932747,0.4564899352584149,0.488496786242913,0.3956923320509023,0.33992174381699775,0.517534041486337,0.3487679677055022,0.7056768341000352,0.5057455211183497,0.5187135138134145,0.43917096727853067,0.5132419272802546,0.5210424907890366,0.11009405235788712,0.5045633469076861,0.5015527872973602,0.2239448313090232,0.5282925446680563,0.36570356771473833
000000361440.jpg,0.21084896688063176,0.4984281964078375,0.5063367353062573,0.5369659249215485,0.8146899754742607,0.7106551441039185,0.9892451879453148,0.49563871848376156,0.4955406999178664,0.1839859141174749,0.43146812322556205,0.5612926670017863,0.8970507288246314,0.4675955218910373,0.6032375836022843,0.6691283763129667,0.4200004595288981,0.45648878437984675,0.13986835189476532,0.4746335982832838,0.5210253223099276,0.4969040204545064,0.7288701185245314,0.6897026714080797,0.880191292930089,0.4666655656683236,0.5319418418723745,0.42775088193675054,0.44112886890092584,0.5909864629409936
000000354425.jpg,0.2658191570004991,0.5053828924100922,0.4678072547800866,0.8043727741277543,0.22021958776782083,0.7730338550898074,0.765945561085063,0.4422544284813777,0.41543937163566647,0.8926983474719656,0.45548992374502034,0.6429226430035008,0.7054679666841457,0.5069679845684156,0.7326518744815287,0.4746177109181744,0.41489435640835093,0.46753240651485606,0.7683510483610552,0.200352961899609,0.7930752988198372,0.8384371306651801,0.46423856778303335,0.5946156229910863,0.03216006474306141,0.4929873125838301,0.5009152886040227,0.37709343582423777,0.3899999253166899,0.6569525017849864
000000354131.jpg,0.9946199220965042,0.49587034452757184,0.5230333564253596,0.45393205701235245,0.5548716154306127,0.27724277530996516,0.31366053031239566,0.5796044120361586,0.30629179256094524,0.523387969119454,0.49402280173802376,0.49680601579759986,0.3183978239747953,0.4921097881154473,0.5090765004621645,0.8857539514766666,0.5015770931857325,0.5238435909556044,0.4397320446126943,0.5782842723299214,0.2593995661447705,0.12529555017917907,0.5038255914830878,0.492748471260732,0.3444199469360594,0.5379902693529093,0.3672698775853577,0.41949723725232396,0.5172029086351441,0.4954355838832487
000000348684.jpg,0.0,0.5019607843137255,0.5019607843137255,0.854953297818605,0.3671902119088983,0.7184235482388996,0.6915556036389781,0.5868028914891307,0.7115860177036766,0.9015762551764095,0.48744246021461785,0.5012504088059733,0.349558701417409,0.6912437293472321,0.5655769256940014,0.07192336873896017,0.5140996634132099,0.4799255179221504,0.8647682160394009,0.5123330821414387,0.5656455470937015,0.7709992249217597,0.40659006588745816,0.7481202485273539,0.636028636740092,0.6109857110690884,0.677038488436704,0.41129681327337486,0.5924837085245432,0.6120013852516242
000000338235.jpg,0.4709061973086676,0.35042624226452523,0.5792649628953829,0.5681667631118317,0.3404007551309828,0.6472965218274795,0.7850401053761372,0.4496942250974562,0.4802049608226518,0.9734074758154414,0.43029056501417623,0.7074227690710181,0.9941671601476867,0.4900878129525254,0.5104999371810234,0.674615681326776,0.44687485050718584,0.48081493587791607,0.37828140175160274,0.3862660072070787,0.517193246053054,0.3727590220663538,0.35747694935830754,0.5868300673097996,0.1894244303550456,0.3956590595903089,0.5827948560172123,0.7719249311036431,0.4019646092188449,0.7294936872830443
000000334234.jpg,0.7673846939536011,0.39265112772019134,0.4923309615431135,0.46776543644915625,0.7291560280504576,0.640890181123031,0.7481218965205023,0.3238622546440725,0.6572470002373811,0.7304054670593851,0.26550409646270584,0.7301992581798743,0.9745565216327091,0.44865396973763433,0.5368528639588849,0.1462759635086266,0.46740391450273144,0.5036050676961953,0.390956540588874,0.3701004356598095,0.5665964157884656,0.4501635589661552,0.704762541180432,0.6583903692651298,0.8585014992451201,0.4189843011629832,0.5001306363031419,0.6997768274757264,0.2961420336053596,0.6485175985707186
000000331712.jpg,0.2558949236166769,0.6115941525974874,0.5432248150254246,0.815386426039946,0.49087359946799913,0.51570744261944,0.8126762053562053,0.47749629875260075,0.8146182221133532,0.8816539823492797,0.42386945692882444,0.7786279862110055,0.8989583413877127,0.473160045243774,0.5840108614925389,0.7943490586649969,0.4899666191310681,0.6300564903778945,0.03162674653661448,0.5241124423428904,0.5175038066227305,0.729235415313282,0.5082116107056802,0.7646944577916037,0.3132497913994208,0.5844640467423168,0.6418760083166253,0.5706078497301221,0.5200103664441768,0.6914535778905005
000000323615.jpg,0.0,0.5019607843137255,0.5019607843137255,0.48076251328532565,0.6843361960274722,0.29571637781208654,0.7402776897344332,0.4729488578113817,0.7914022004847351,0.4941773271868263,0.4071307171042773,0.6658113135288581,0.6008345656688864,0.42712973773818635,0.6083718023746032,0.1802581516606121,0.6626180393286187,0.35342905509252626,0.027170513171034045,0.5104619577940739,0.4930903017136975,0.09259215769093831,0.6106177025877022,0.4153691011591877,0.26074920555513603,0.501392497845877,0.5761349246782422,0.4089131933874663,0.6754732095600424,0.2985388230252082
000000318892.jpg,0.6035431631899629,0.4287751349784924,0.667047123547957,0.2828337659353277,0.39702568477747513,0.6290381569481187,0.0,0.5019607843137255,0.5019607843137255,0.9906840239446945,0.4981950804658601,0.4964335513212461,0.7575284396569575,0.5120426193676102,0.5699994464008489,0.2765469224787649,0.40032781378711524,0.5576146153986923,0.48309453167939265,0.4402180040245351,0.6216905595087177,0.35793667358380676,0.36337275853815537,0.5739429884833995,0.8494583684304231,0.49680931279237256,0.5405453426495395,0.11821035357477232,0.5200811969501504,0.5163166835811164
000000312408.jpg,0.3244508279503692,0.7107852583417363,0.31458179981987233,0.5186463998224805,0.558199403976281,0.26260836486777667,0.5751989372586439,0.5315481183755434,0.2983141968476209,0.724438512504154,0.49833115236200315,0.511975982032097,0.802613718191878,0.4599179205688816,0.570984291492684,0.5095542699192488,0.5643876675223778,0.25822808635305416,0.6361300069931055,0.49967005313585683,0.5023146933012775,0.3897456856951895,0.6596595465347946,0.19514646186969686,0.1571133305629055,0.5175052447240511,0.48779877713514425,0.5913912835894306,0.5054011715231403,0.35034952289907134
000000302008.jpg,0.9884476182177884,0.47379532352622444,0.557476228393426,0.9970679087537055,0.49602073503028377,0.5062281661521214,0.0,0.5019607843137255,0.5019607843137255,0.4292124809925448,0.6126965373205971,0.2618682807830307,0.8121768460609192,0.48329206520938955,0.5284857920442693,0.019315793994422306,0.52304593375148,0.47894413758919063,0.5900489584084277,0.48807421495496267,0.5290943035356085,0.32687985550467535,0.503858413278972,0.49319675408216906,0.134113490620943,0.5222180624602761,0.4669202982887347,0.8742265886512822,0.5054622129794377,0.5212828918724696
000000299394.jpg,0.7896795490532134,0.5177325611510885,0.5054208161031586,0.9924843556154035,0.4860680537630342,0.5175493045119107,0.38649607011759074,0.3886835695866077,0.6054413232536148,0.6279781178734478,0.4917194635434605,0.5215821728398765,0.29412349514434233,0.5918996741922165,0.5019750087214805,0.3781854293548901,0.4897202143299117,0.5318637552352313,0.854633780753293,0.5049586194115492,0.5136553170601015,0.15606489934069906,0.4966460827421151,0.510026684497444,0.6066022661411941,0.49163655465022293,0.39618511261202205,0.6485537532872886,0.5044571752169918,0.5388660299939928
000000291321.jpg,0.8184135082298092,0.49705630307761123,0.5112521684593291,0.2179104598652829,0.6620845651701016,0.24454005030146925,0.6330070855367262,0.7111806901352372,0.7415812216514436,0.9889002898782989,0.5064642317650325,0.5056899906501203,0.6635203579465201,0.5363623075787033,0.5054711054045756,0.15611594253831523,0.5198792983386985,0.48081286496311054,0.7166167827366979,0.5028792793361732,0.5053704727486209,0.22420523527355526,0.6640186130038152,0.24503839419750462,0.12120971344414823,0.5952079449600146,0.3479914125397583,0.5966039128314093,0.7131995965003783,0.7556580218669251
000000289703.jpg,0.9209223320159543,0.4418652410098734,0.4541778418726366,0.6989947214668851,0.6228118282581527,0.3208001312491067,0.6477008414091021,0.6976087333014307,0.7337610367903611,0.5601941313384309,0.5069696313630024,0.6128899737823317,0.0793514436765355,0.4838671611051604,0.5228937007738724,0.27910332827207956,0.623914567380805,0.31946623669496005,0.7709233329012551,0.4465739151011929,0.46098613819933537,0.10324273875159008,0.5115733189833445,0.486924584098685,0.5150835734250591,0.6015749899954783,0.6757197060346428,0.13923006688742365,0.5728776579866788,0.3933993441865528
000000287568.jpg,0.5785786222200717,0.7417133001973284,0.472610941044923,0.4236213610659356,0.6444837764758,0.377121210282022,0.702155042582099,0.6373247089120658,0.3790889842616841,0.0,0.5019607843137255,0.5019607843137255,0.25088299953355775,0.6246009861578704,0.5113365182151808,0.29418982720084064,0.631967117826042,0.5462993392182588,0.29998880807425005,0.7047398609755057,0.36504346324439635,0.5717259028729881,0.7214814395566799,0.3624314499628043,0.16949140114766442,0.5948050195890598,0.448778841223405,0.6613517252803074,0.5860127556699917,0.43438682337500406
000000283403.jpg,0.18896135959805072,0.5990653626106948,0.48438199132124826,0.4633958464000355,0.5501948569310916,0.4833256721934965,0.7226155448753084,0.4948214171440052,0.5130122524074748,0.9059250564253051,0.4937709873187476,0.5163249440175792,0.08322316252114781,0.5028982764106446,0.5054014967615987,0.2071268627365415,0.5638290601162252,0.4305137627303967,0.78058431510909,0.5052470762489086,0.46623640253055504,0.34187646958606055,0.5606813383277609,0.48754467766994397,0.46540751880584935,0.5414074227689236,0.41884901593779406,0.08357532733753446,0.5535721495472381,0.47994617820410307
000000280854.jpg,0.9581987357952293,0.4646711437713055,0.6759296013725314,0.8619331106742798,0.39341543343905677,0.602517098563177,0.2969575880883184,0.6545870641881362,0.5627412003241454,0.40706587305842484,0.7273876045837724,0.1339976819134758,0.8965967732742728,0.5024802772819971,0.517258970777579,0.30391844151326164,0.7980836613938648,0.0975650519099528,0.029738544288090196,0.5147801875975186,0.49110002910233896,0.8510671132286981,0.46189391859959933,0.5238510306120964,0.48044492500204244,0.5087501908134616,0.626919558741633,0.21716211181422382,0.6753457236126678,0.2368924099393799
000000266168.jpg,0.6281621474460366,0.5004069327072957,0.5107117450305284,0.7222876925236528,0.5513763358744789,0.7853882262582352,0.806798744012221,0.4737884683081313,0.5209578807958082,0.8176632164583327,0.4949645653364338,0.5171125077238699,0.3793984607147081,0.5087443891093187,0.347640760749293,0.4231675476974126,0.520951748778436,0.3185143985720349,0.20819243233694798,0.5247982683501983,0.4127617110796108,0.6083895338037698,0.5686004912185039,0.5704801909466305,0.13640481859621573,0.5054184604807475,0.4536123355602876,0.2974098860993428,0.5560980814954594,0.4941663089341863
000000260963.jpg,0.29036028625279614,0.7471141449986947,0.1722779829435623,0.4264319272156989,0.6620506340483481,0.2605284405234195,0.6055011390515617,0.5895751013241819,0.7149059054216507,0.7249396685757569,0.4960252277411433,0.7138149525795741,0.8040216175977535,0.4648775110347243,0.5508586630238316,0.7168334256097111,0.4600720654825806,0.538615456161676,0.6340346115410584,0.6248183808999178,0.722088196076921,0.38647695790433045,0.6300442554260324,0.2607527760659518,0.32447170975439055,0.5948322174508962,0.5729507323932874,0.17285959712361904,0.5541937883212436,0.43119759835525523
000000255610.jpg,0.8186753807977332,0.49854608918852295,0.5029803349127104,0.5245801784264513,0.4853990860621244,0.525037647094322,0.5256146403065037,0.5487203389901806,0.3227589951917713,0.6747808301121206,0.4884271231560231,0.4145924591522341,0.5136917297876619,0.6982879000235775,0.5663036422100777,0.18606984782869662,0.5119862230062329,0.48808860583907177,0.43032547474851,0.5310678419774802,0.33611860472239274,0.30654145180773085,0.5530798187125869,0.3320596610648347,0.5655880744038797,0.508406121856688,0.37024580411609903,0.4451497618387239,0.5090630129404635,0.5118971389353177
000000231512.jpg,0.9791787285803873,0.4448425840024901,0.6709117471896815,0.6706098155522703,0.6119033877085893,0.667585745026754,0.11502985127776362,0.6301837670120501,0.3048537671390868,0.0,0.5019607843137255,0.5019607843137255,0.6884631580801548,0.6578905498074616,0.7437373992019635,0.0649300827743597,0.5648330967745518,0.3750781407912005,0.5758029605793591,0.667674731959439,0.7424572334186629,0.03146881614637647,0.5348004198969627,0.4153194671048619,0.28888529763273113,0.6530503538082095,0.6530449805188445,0.009659048875082092,0.5115282969088727,0.4931854720030454
000000224342.jpg,0.5367890932916426,0.8155888078344335,0.7026566169047578,0.346973688913873,0.7293922773119396,0.15247243105129996,0.9698362786607043,0.4149827073177831,0.8503260265718802,0.28599068538060934,0.40965187792937496,0.5807593335961607,0.989873772639595,0.4800973943446674,0.5260491317093634,0.639457393672782,0.5084224337256669,0.7459442858820895,0.3780875440684765,0.6598218534791132,0.4086770285630697,0.9614272489284926,0.4839322402152799,0.5562375828726834,0.45957759330052206,0.7474878592797954,0.6392341056292554,0.10747803959430932,0.5227788670727896,0.5315716206685746
000000216415.jpg,0.9526913004225339,0.4482688058897717,0.7605226916877291,0.7461821158403754,0.6301859344238944,0.6202296161986166,0.7694414055438908,0.5626513238940449,0.5673008529457526,0.635486254981776,0.7152192427822329,0.6878048474792178,0.4171367307822468,0.4984192395577284,0.49319501065437965,0.4292607457750634,0.6312374146375827,0.5342573983323611,0.8256694148147313,0.5475020997612029,0.6835889259729818,0.11567667381757644,0.522291634364617,0.517720738837568,0.5993656220983015,0.6472248864561652,0.6470261296017422,0.9796232874955393,0.49592070456354675,0.5389079692854964
000000205461.jpg,0.8518998293851618,0.4485340261087718,0.8206416926067235,0.7406526430064736,0.4740462666984619,0.7808752721419109,0.4087587767595885,0.45076354345660724,0.5403506915912892,0.6919360004881777,0.6014335313603797,0.4267397754687828,0.4237453686510986,0.4847736206586528,0.5160614962934336,0.16516440997882817,0.5126771505680698,0.495681375719121,0.7625300429506185,0.5105889516713961,0.6071585702317397,0.8498960449744145,0.49303026538158357,0.7891955762172872,0.6573674604242293,0.5693085860850543,0.7428977673661263,0.42187477532295886,0.5241951805594707,0.5808328032948264
000000203107.jpg,0.5372261586991053,0.8160616799578261,0.6925080085594032,0.0,0.5019607843137255,0.5019607843137255,0.8002976087885811,0.4473151430960369,0.6597549466663527,0.6803770167905411,0.5966918840265227,0.41960140574580157,0.6255952605560791,0.4873730954562478,0.5201156508661567,0.2600067526648652,0.6391599959562376,0.5709175142578353,0.13080793501729637,0.5247025641332156,0.5103935979547362,0.5382134471491069,0.5854660682888446,0.6069715515840144,0.40461117655184153,0.7541752493031513,0.6894635132880585,0.5312461990897311,0.5169563090914909,0.5340799688799187
000000201227.jpg,0.42981803153590614,0.6096782458544172,0.6013726241857192,0.5263590800644461,0.5203729384545124,0.6610764417858874,0.8025571179363743,0.46009630775928867,0.6473081983215405,0.6918606287598555,0.4162262663147658,0.6841799591902592,0.5335426310299315,0.5558648791023174,0.5155333134380248,0.4614566862222751,0.5138066877234784,0.5698071000009027,0.9090094414042751,0.48300161775983014,0.47195624613195053,0.69905251116577,0.5182535752652646,0.6494781798552238,0.8593944661211503,0.5012359964728953,0.5803776259756779,0.5109098131382123,0.4948990874369142,0.6687588805194102
000000191450.jpg,0.8100276772122652,0.23902756403817751,0.7712055759546901,0.5638850640965292,0.7073180707481032,0.6767984185626377,0.9905871009860266,0.48140650577930594,0.5264885263893982,0.08407792573743755,0.49418786857958524,0.5114101900906409,0.42131401885123104,0.479306952766231,0.5217446203254008,0.3987035861486528,0.3466159288263712,0.6631859492873716,0.08588080505581296,0.4695183366199229,0.5286734982390119,0.7570965506835573,0.27045578074686677,0.7777108334231141,0.4902964836251728,0.7698948618118763,0.7244989032434773,0.8844884980108471,0.4693860296482448,0.5066943377525873
000000190647.jpg,0.8134074313643805,0.4860365233042554,0.5250280213388171,0.42735529632100516,0.49175520156194213,0.5158912116877187,0.7214913769142455,0.4957419594623826,0.7293868916128933,0.07891339000656107,0.5039346880268906,0.5085641582351116,0.625852090964226,0.4889019786317612,0.5113767716450476,0.18017206420101245,0.545002819060459,0.4810550948892747,0.7813471488980044,0.5244207517399716,0.5603975933443801,0.02988277011443392,0.5292113975113875,0.4358153608596255,0.4330651639585573,0.5451193772965844,0.545890827123745,0.6103827742102897,0.6167194064344776,0.6866663150685353
000000178020.jpg,0.5065178003255946,0.4903889984751786,0.36905811399889665,0.8892747348115065,0.45334447736145816,0.672632513657283,0.6309645998653507,0.7213622141510957,0.6755523457749335,0.9149889875779514,0.5058858891496948,0.4516347224968843,0.6074241367535329,0.44768347808195424,0.54675872885402,0.8482448331168193,0.44415166988984667,0.6890589240388019,0.4002876396607671,0.4749488748628592,0.3988736910858972,0.7017812049842863,0.3968505270155776,0.5206500176254577,0.6005930228363852,0.6383420095950788,0.576899572848123,0.8722851213700141,0.45606154359300066,0.5114136278083004
000000172778.jpg,0.3204646832923907,0.4961868977633156,0.5078349333452336,0.2881171208968094,0.5117732342375311,0.4813360869771353,0.7062472555862409,0.4447932323630763,0.7268375893824427,0.8884977671693625,0.4410972000577082,0.7245526662868824,0.47135619814978347,0.48492034679202234,0.7021213383191073,0.4507613331296217,0.5184443638154603,0.6792300973735186,0.09468646698208183,0.5043955697609638,0.5040198784294728,0.6796144119128772,0.5076800604049504,0.7339079072407688,0.2736156062434475,0.5074250870504141,0.6049236253493893,0.5736255373799988,0.5147290769655912,0.49970442299487505
000000149833.jpg,0.9716622346012442,0.515393684593984,0.4855198042066093,0.692531858616091,0.5047144449840772,0.4824170661007447,0.6998217267013989,0.44428766753714133,0.5595167031849235,0.9338224050901509,0.3357142159002513,0.7780630485590238,0.9584615622477748,0.4838725523211161,0.6113698248196083,0.6847284161280724,0.438392495476235,0.6038403419757656,0.40643997652433683,0.4934676500112292,0.5189697326078547,0.8886770642512306,0.5001167400592524,0.5026500959192111,0.6591726259252171,0.49603454725920554,0.501617010654586,0.14295007885107894,0.5044283046244268,0.501184383990255
000000136811.jpg,0.5218721174557178,0.774908343390914,0.5356291992519354,0.6332230152901172,0.7476448977812427,0.33762297590038437,0.9600685516637983,0.532587424423661,0.47895806194344626,0.6393290263193699,0.5531961567307416,0.45139072978779365,0.8100957546351024,0.5442330939797962,0.3886746400370851,0.5176234446789602,0.6145996372050533,0.3504802373014784,0.39059438942064384,0.7367544915434115,0.5306198369380979,0.1934447854995495,0.5960901498384051,0.45718806257569616,0.4881306292199399,0.7231757184539264,0.4242084498418094,0.8795174065209017,0.5284844047917799,0.4422544876839013
000000120148.jpg,0.518183142958169,0.506597861442138,0.49396041873209134,0.7881364032961562,0.4912732338314532,0.4827263993162454,0.6916505254593838,0.42690551756220907,0.5567111177916282,0.8133909783578683,0.48675083281925047,0.5186934824608725,0.6197283350303302,0.5917824649466273,0.6342030052396076,0.322393934577246,0.5060992730878274,0.47739986216842833,0.7841569191742752,0.4715190097252457,0.5948949755124318,0.9381107416064064,0.5026334474638754,0.5320597531111807,0.4853456473944126,0.5079338358113765,0.4482735563880911,0.581950170575331,0.4928331540084749,0.559430080905804
000000119337.jpg,0.9126748006911986,0.5627266648036432,0.4511932323306596,0.7846392421066423,0.5588547063570151,0.37323452065827084,0.0,0.5019607843137255,0.5019607843137255,0.9962991022299551,0.500526536003571,0.509915215191652,0.6182500347835727,0.5681893406284372,0.4972381939934186,0.02498947248377494,0.5131466550458771,0.48469526948393094,0.41298072131674174,0.6660989605623145,0.21328536801467388,0.7641840314528849,0.5548483519312363,0.4790707474753413,0.1327204627356443,0.593631407418032,0.35588122653579346,0.5663468827574583,0.581020994183723,0.3798017357153565
000000112604.jpg,0.5191461595700361,0.6742208559739553,0.669588514677086,0.33042575295334603,0.7496806798137953,0.14169954710309726,0.5261827439673784,0.4908106451649869,0.5053182357754363,1.0,0.5019511571064231,0.5019790330241335,0.9709975885727034,0.4320294723132656,0.6249910245415473,0.41601305795295146,0.650098830401172,0.6523887866734568,0.38879511362689334,0.5004510297868238,0.49661954640742545,0.07912258223870378,0.5014162946370333,0.5021348226188628,0.7530829631726847,0.514560684841435,0.4994946757242103,0.23662553699547945,0.5621379549840814,0.3348829872848471
000000109659.jpg,0.6640611743938168,0.5377358986183577,0.5013915591919791,0.6713594383790411,0.3713780677741089,0.6292136156089951,0.0968923653818284,0.5741335371592055,0.5308122196290143,0.6054305792271866,0.5174389753193509,0.486436547854217,0.8509370747045236,0.537233895991228,0.4973966905810425,0.6769758770766496,0.43707924634501133,0.6325008273039842,0.17747988082131372,0.5101385425391143,0.5333018479602895,0.7043336735968524,0.501622234763669,0.5411936751512558,0.46631785302030615,0.4996789713654588,0.552267554037522,0.7220251095946878,0.3991095239794894,0.6851588119417448
000000109586.jpg,0.2856902868626993,0.40575140295583373,0.6230593205661425,0.5147084357605324,0.4944031710297016,0.5449161175941127,0.6402902717468295,0.5206377562042509,0.5910644619569779,0.9899088714389623,0.5004755742588862,0.5183485041253639,0.0872098660986945,0.5009621646235275,0.504715602875174,0.29337862446469365,0.4801279437997926,0.5565627045425138,0.49573828442029266,0.5287098730174541,0.5751028744288446,0.8528717494488057,0.49579240345243125,0.45735336723878295,0.3777432600229962,0.5117010009877031,0.5560742503750038,0.14945886659501778,0.48678267645102863,0.5327405819432961
000000085269.jpg,0.09232922522848884,0.5782599195852416,0.5304891129675979,0.5744539575616565,0.36828223612927946,0.5489200369011219,0.4940758020266132,0.6143095068221636,0.6950941506512681,0.6248654192851282,0.6236721475828585,0.5090834911601949,0.9034737860712859,0.4883811543842205,0.5230635848253521,0.19878576634096803,0.5071125649187802,0.5237781497153415,0.7717605920327405,0.5107730221957285,0.6385008633543067,0.8221749368887885,0.5182253767718789,0.5166247346759762,0.5206757158052249,0.595037153231968,0.6601185436980415,0.4646058247611682,0.4396125157212161,0.5284896924446327
000000083368.jpg,0.9526913004225339,0.4482688058897717,0.7605226916877291,0.8849835547298938,0.49336734398396015,0.7694886107072609,0.7165001384032013,0.4829123619035427,0.515727381886864,0.9456563720723785,0.39238149393525085,0.49057505081226527,0.5626525619236038,0.7927663592948764,0.6576140810067803,0.5062995534809333,0.5652808574106746,0.692053419929328,0.1413691957113828,0.5036572037951561,0.5286331104254198,0.3833218517256509,0.5025333726255848,0.5587883513567835,0.7871331545517839,0.5062228323333464,0.7911688795179378,0.7354345241561531,0.48290139977911184,0.5534344063019014
000000076930.jpg,0.1229290645441074,0.5583097848481392,0.5092281168183832,0.5198823659488935,0.5095245041318537,0.49501644065732703,0.7195351260041858,0.48926090334301964,0.5111094294132784,0.2842131472187815,0.4052743852434178,0.5727192861670164,0.8611093537457607,0.45422042660401585,0.4184593725910256,0.43467731849095115,0.41972090918046695,0.6280741184744096,0.7931527965940223,0.4467199626638,0.4202253075037405,0.29970367142741017,0.4534873311701806,0.5456664297760586,0.08092901489599846,0.4947232826928199,0.5016537761959834,0.6847861218588289,0.45930770374864943,0.5297057878383645
000000062589.jpg,0.9035266842732984,0.4914846905922017,0.49832957126934746,0.27376492588202117,0.6068319898869825,0.5058877622666612,0.427082741012466,0.4909778272859311,0.5181143275232379,0.9051819644079214,0.4931836728311501,0.50967618964135,0.7937137608605849,0.5078263135199602,0.4863151128740197,0.2887071779307325,0.5081153299563764,0.4761130331238508,0.5961470509300536,0.5046501843962726,0.45021276989980336,0.12674526860338198,0.5148270447599121,0.48915599950584737,0.6779283954223306,0.5011217345520016,0.460138285194458,0.5117400516148295,0.5083942207988829,0.45743281424945065
000000056322.jpg,0.08287678077798429,0.5019472037484483,0.5080717881940463,0.5707215716216488,0.6106311572271083,0.4104251674234526,0.5528171541903661,0.5588059487510835,0.3986146915784255,0.765310960402876,0.544283098743953,0.41648776734237236,0.993886883017704,0.49749800242238335,0.49830508150879776,0.38822344566495093,0.579896201849228,0.38551186941437726,0.0015440581416116218,0.5038786920036465,0.4981037006008905,0.5305615942720928,0.6094726850481982,0.28741863665462963,0.3400805857755894,0.5877553434723376,0.5015561757752,0.07946081545132223,0.5554127200197517,0.42011714092354463
000000050735.jpg,0.7146860529441114,0.5028067343128622,0.4954822387749369,0.9968391475944698,0.49611045320180497,0.5020422115736304,0.6170498382209754,0.5083966093320083,0.5065954316762884,0.71701230745131,0.48438109720169875,0.5117149006286502,0.8051693826042583,0.4947979733626686,0.49285076440480446,0.28875935271247605,0.5066370282894628,0.525678280642255,0.749103514686395,0.5062485941961443,0.5221121406789815,0.5832018777251115,0.508332681059869,0.5207878302759985,0.43381433595136765,0.5073861961122196,0.52519905498429,0.1409464439597744,0.5054275027740956,0.5140017943628177
000000034221.jpg,0.539041844245138,0.8150792693232307,0.6825731937093135,0.9124815277781692,0.5575027767905733,0.4903344882086162,0.9800454154592078,0.5048513830705796,0.4902839746353245,0.898633226876316,0.5468560723556825,0.5380068235070958,0.8175062328247487,0.5837515150613078,0.5907753330645572,0.7054979432219133,0.574814485905529,0.5525761737636204,0.44935072043514707,0.7720706065204034,0.7270614680330232,0.1478665191419352,0.58601618730985,0.5504965541382003,0.38952898314487755,0.6888162110407633,0.6671823645524699,0.5590134211454476,0.6173533491307106,0.6241280912888645
000000029255.jpg,0.7981299777182987,0.5616361891663092,0.3815756929683503,0.43603523592944193,0.7039313872857426,0.152824954382392,0.26975462520892807,0.6059701041584719,0.5193076184268203,0.33962698622590837,0.7946139005589576,0.0899390848776526,0.8193817832108359,0.4286891051771286,0.44741946349439315,0.1685344199756985,0.5940512090228519,0.34891362003918686,0.4484627615863016,0.6898287590543958,0.19172561957095885,0.11056098336793863,0.5202743990481615,0.49793387623842345,0.7598819065792394,0.5161903071216482,0.45111209792124424,0.16097080753028045,0.6714074988006035,0.258442868993138
000000023019.jpg,0.6039919587813571,0.6243461744738452,0.3728465103043178,0.3183978239747953,0.4921097881154473,0.5090765004621645,0.7435815988794774,0.5648536059911844,0.4035286579532815,0.0872098660986945,0.5009621646235275,0.504715602875174,0.6109860899614239,0.4477103459201397,0.6269789750355126,0.19280689343822444,0.560179520427725,0.4614616783632414,0.5290110435490841,0.6285198223446086,0.30990953004005184,0.05820270745189624,0.5174859985471416,0.5030080129663782,0.2741828575103421,0.5841293273793968,0.5756263813988001,0.4789294649597393,0.5813765788694435,0.44154025382961815
000000022423.jpg,0.6224667861127205,0.5056601219245569,0.4962987416877989,0.5722748817146279,0.35349423833108706,0.6316110366092464,0.3209431670667271,0.5638195413857304,0.5247583112683386,0.8174036497246305,0.49576726354442535,0.5064105424140035,0.41272205843472975,0.4553413960256867,0.5825932429292506,0.7841690229053307,0.4942521385202767,0.5116373761894338,0.15422193157817987,0.4862749282384561,0.5056597451276216,0.7821336872772044,0.4059050271905715,0.6754042121946552,0.5100281620565502,0.43054314220223355,0.5876932808259552,0.43356753223284317,0.5055798415378757,0.4984073900010252
000000014824.jpg,0.5124911731228052,0.770329634500292,0.6016085908944893,0.7323707527130598,0.4278607580867399,0.3948488070203574,0.603594393447967,0.5210677371865126,0.4854113614800549,0.6313073511809353,0.5710157193490368,0.4468348088394039,0.8429395905109186,0.3458947821725006,0.617510915890267,0.0717454243039678,0.5382399357689579,0.4846365271778993,0.8208947952747142,0.5288587947434168,0.45408799606234596,0.4209123349285931,0.5348769731331365,0.47722428882086204,0.3951938690697629,0.5943455873955669,0.3222273479905688,0.3736370926458153,0.701227035760594,0.5954620386394041
000000010432.jpg,0.8842139903900177,0.4912088429668987,0.7858977476522164,0.20369628279968097,0.4813393518441329,0.5340736525838372,0.570183241032236,0.35679506992224613,0.5463250333529107,0.8111867399766409,0.48347838366999674,0.5110039708922135,0.7029339648364838,0.5441329963665179,0.5808682220339105,0.7999170685402336,0.48662756982837746,0.7863045863564991,0.0980367786127843,0.49982893884272545,0.5230024890098722,0.5814071942522704,0.5481993501192437,0.7394747605793632,0.3462000361540491,0.5508338107216457,0.6607558802971114,0.48802404759539897,0.5031434860864342,0.5139010587011453
